{"cameraMode":{"drawMode":0,"name":"Shaded","section":"Shading Mode"},"sceneLighting":false,"audioPlay":false,"sceneViewState":{"showFog":true,"showMaterialUpdate":false,"showSkybox":true,"showFlares":true,"showImageEffects":true,"showParticleSystems":true},"in2DMode":false,"pivot":{"x":201.62225341796876,"y":560.2684936523438,"z":0.0},"rotation":{"x":0.034493155777454379,"y":-1.7303611321572988e-10,"z":-5.488695435651447e-13,"w":0.9994048476219177},"size":718.5869750976563,"orthographic":true}