{"cameraMode":{"drawMode":0,"name":"Shaded","section":"Shading Mode"},"sceneLighting":false,"audioPlay":false,"sceneViewState":{"showFog":true,"showMaterialUpdate":false,"showSkybox":true,"showFlares":true,"showImageEffects":true,"showParticleSystems":true},"in2DMode":false,"pivot":{"x":200.4994659423828,"y":649.2616577148438,"z":9.851524353027344},"rotation":{"x":0.1971781849861145,"y":0.15369148552417756,"z":-0.0313149057328701,"w":0.9677398800849915},"size":337.0550842285156,"orthographic":false}