{"cameraMode":{"drawMode":0,"name":"Shaded","section":"Shading Mode"},"sceneLighting":false,"audioPlay":false,"sceneViewState":{"showFog":true,"showMaterialUpdate":false,"showSkybox":true,"showFlares":true,"showImageEffects":true,"showParticleSystems":true},"in2DMode":false,"pivot":{"x":635.73046875,"y":645.6240234375,"z":-217.39517211914063},"rotation":{"x":-0.09207310527563095,"y":-0.15262942016124726,"z":0.01428296510130167,"w":-0.9838825464248657},"size":1317.210205078125,"orthographic":false}